estimate,estimate1,estimate2,statistic,p.value,parameter,conf.low,conf.high,method,alternative
0.2324015197488194,4.000827814569536,3.768426294820717,2.0904406582302597,0.03732367284476524,338.57819484471884,0.013723854160747376,0.45107918533689145,Welch Two Sample t-test,two.sided
