estimate,estimate1,estimate2,statistic,p.value,parameter,conf.low,conf.high,method,alternative
0.36439671776470295,3.8760643330179754,3.5116676152532724,2.778856048370316,0.0057865030807823905,311.3330833729163,0.10637986705376642,0.6224135684756396,Welch Two Sample t-test,two.sided
